gene_id	TCGA-EW-A1J2-01	TCGA-A8-A083-01	TCGA-BH-A0BF-01	TCGA-A2-A04R-01	TCGA-A2-A04Q-01	TCGA-C8-A134-01	TCGA-AN-A04C-01	TCGA-C8-A26Y-01	TCGA-A2-A0CZ-01	TCGA-A2-A25A-01
RARRES1	9.3450	4.0058	9.2950	5.3899	11.8484	11.3745	7.5942	7.3555	9.7045	10.8738
PHYHIPL	3.7564	0.7688	3.9503	1.5022	2.8924	5.0766	2.3605	1.6188	3.9987	5.7233
RIT1	10.1419	9.3410	10.0515	9.8103	10.3226	10.2164	9.3357	10.4110	9.3327	9.7553
C16orf73	0.5966	0.0000	0.0000	0.8857	0.0000	0.5180	0.7734	1.1609	0.9652	0.5479
PIGF	7.7712	8.4944	7.5163	8.3304	7.9475	8.4747	8.4167	9.3218	8.2323	8.4036
CAPG	11.6622	11.2363	12.2389	12.4223	12.1453	12.4485	11.9946	10.1965	11.5305	11.0164
SH2B1	9.4455	10.4187	9.6829	9.4559	9.7761	10.3237	10.1297	10.3083	9.7697	9.3423
PEX2	9.9967	10.1442	9.8962	9.8808	10.6836	9.9042	11.1781	9.6112	9.9416	9.8065
KISS1R	2.0047	4.1394	4.1347	6.3213	0.4706	1.4299	5.0095	2.5595	3.6898	2.2089
DDX20	8.9885	8.3218	8.6988	8.3832	8.7490	9.4461	9.3254	8.3429	8.5987	9.2493
LOC147804	6.7941	6.7411	7.9129	5.7711	7.6877	8.2012	6.1686	7.6821	6.3651	6.3428
RNF4	10.5877	10.5897	10.4128	10.8022	10.4867	10.9117	9.3142	11.6401	10.4630	10.6440
KLC4	8.6752	9.4852	9.1373	8.6276	8.4546	8.8514	8.0453	7.9250	8.8798	8.6931
HINT3	9.3433	9.3265	10.2805	9.5839	9.7799	9.3752	11.0658	10.1584	9.3295	9.5479
POU2AF1	5.4980	1.6219	9.4900	4.3870	11.0307	6.8151	7.0623	6.6589	8.2222	7.1801
AURKA	6.3593	7.0936	9.1032	9.6814	9.4658	11.0651	9.7254	10.5652	6.8902	7.5876
H2AFY2	8.4293	9.1372	9.3734	6.0329	10.6859	8.6785	9.4988	9.3014	9.5718	9.3488
OASL	7.4615	9.6517	10.1907	7.2101	9.5417	9.2722	6.9426	6.7722	6.8431	7.6011
HIRA	9.1868	9.3854	9.3283	8.8845	8.9770	9.4691	9.6266	9.9906	9.3295	9.2885
TRIM13	9.7878	10.1906	9.8954	9.6002	9.2101	9.5472	9.9363	9.4291	9.5416	9.9346
COL11A2	2.4645	0.3331	4.2266	2.0909	2.9176	8.2269	2.8134	3.2111	3.3288	3.5965
PARP4	11.3968	10.4033	11.0368	11.0498	10.4358	10.5146	9.6706	10.5932	10.6292	10.8818
STXBP5L	0.0000	0.6036	0.0000	1.0612	0.0000	0.5094	2.6599	4.1056	2.2659	0.5389
C1orf216	9.0950	8.9377	8.9306	8.4018	9.3555	8.1866	9.6084	8.9409	9.3402	8.9667
ELMO2	10.0237	10.7597	10.7504	10.4492	9.9544	10.4479	10.6937	11.4402	10.0635	9.9405
PAR-SN	6.9964	6.9373	5.3463	5.7125	5.4275	2.9979	5.0409	4.0798	6.9757	6.7843
KIF4B	1.7047	0.8312	2.4913	3.6543	1.8874	4.6641	2.5766	4.2748	1.7575	2.7358
COX18	8.2881	8.5736	8.1834	7.6790	9.3010	8.7938	9.6787	9.4789	8.5916	8.3535
EIF4ENIF1	9.1812	9.5509	9.2409	10.0584	8.9161	9.7591	9.6497	9.6425	9.0304	9.2578
LDHAL6A	1.1734	0.0000	0.4701	1.0612	0.0000	0.0000	0.7734	2.5595	0.5619	0.0000
POLR2C	9.8950	9.7186	10.0330	10.0774	10.8637	10.1742	10.4514	10.4159	10.2260	10.2144
SUMO2	11.5630	11.4944	11.8228	12.2577	12.2633	12.1090	12.9567	11.6620	11.7786	11.6251
LCOR	8.3901	8.0239	7.2614	7.7055	5.0542	5.2831	5.5161	6.3189	6.4976	7.7186
EXOSC7	8.7014	8.8696	8.3963	9.0700	9.5439	8.6090	9.2767	8.7925	9.0820	9.0274
PCDHB9	5.6926	4.9359	6.0963	4.3100	7.7817	8.1623	5.5901	2.3154	6.2434	6.4173
UBE2A	10.2123	10.2854	10.6212	10.7976	10.3684	11.2570	11.1405	11.1718	10.1287	10.3654
SYCE1	2.4606	0.0766	1.8170	0.6260	2.6569	0.0000	2.7788	0.0000	3.8613	1.0754
FADS6	0.0000	0.0000	0.0000	0.0000	0.0000	4.8237	1.2742	3.6929	0.0000	0.2944
TMTC4	9.3293	8.7770	9.0104	10.1254	8.0147	9.0042	9.9223	11.3475	8.4475	8.9410
GHR	8.1799	5.9184	9.0328	10.6735	6.7781	6.8070	7.8661	7.7098	9.6232	8.4189
TAF7L	1.1734	0.0000	2.0293	1.9627	1.7285	2.5005	4.8412	3.0066	0.5619	1.7069
DOCK7	10.1765	9.2651	9.7328	9.1337	10.0234	11.1289	9.4307	9.7804	9.5754	9.8300
LOC648691	0.0000	0.0000	0.0000	0.0000	0.0000	2.6541	0.0000	1.3390	1.5384	0.0000
EPHA7	4.6925	0.3331	3.0565	2.0909	2.4926	0.5094	2.5766	1.1530	5.6452	6.3903
LOC646851	6.6355	6.6693	6.8793	5.5095	6.7628	5.0527	7.3305	7.6907	6.0496	5.9680
SSTR1	3.2150	1.9475	2.8407	1.8219	2.3902	1.1831	1.0454	1.5037	2.9386	5.8930
MGEA5	12.4093	11.7582	12.2245	12.2470	11.5579	11.2949	12.2677	11.5923	11.5448	12.3200
LOC645431	4.6523	7.0111	3.4504	5.4721	3.5155	2.8507	3.0337	1.0818	4.9359	4.3138
RPE	9.5697	9.4328	9.7759	10.0341	9.4540	10.0900	10.0404	10.2586	9.2912	9.6241
LOC653786	3.7062	2.2130	3.0565	2.3174	2.5882	1.6405	2.4882	4.3416	1.7575	2.5806
GDNF	0.8100	0.0000	0.8242	0.4459	0.0000	0.0000	0.0000	1.3390	0.0000	0.2944
ILDR1	8.2302	9.0409	8.0722	8.3816	6.9135	6.2870	7.1799	8.4055	7.3771	6.5276
COPS4	9.6782	10.1679	9.3650	9.8607	9.9140	9.6775	9.8849	9.0084	9.7274	9.7393
CYP7B1	7.2083	2.9056	6.3693	5.9338	8.6706	7.9138	7.3081	6.2872	7.1637	7.7497
C15orf34	4.5758	5.7406	3.8563	3.0434	2.2799	3.3372	2.9521	5.7448	4.3254	4.0553
HSDL2	10.3902	9.9998	10.3414	8.6882	9.6440	9.4178	10.3346	11.0714	9.9707	9.9422
ZNF319	7.5278	7.1127	7.4459	7.5677	8.2001	7.9314	8.1079	7.6363	8.0771	8.1104
MRI1	8.8352	9.5957	9.4564	8.9162	8.3678	8.4573	9.3182	7.6318	8.2152	9.3528
MARCH6	11.5227	11.4410	11.1404	11.2055	10.4948	10.6325	11.5605	10.9888	10.7081	11.1221
GRIK4	5.7543	4.7395	6.5640	2.3174	2.7623	0.2772	0.4380	3.0066	3.0255	6.4772
KATNAL1	9.0588	7.3880	8.5890	9.5730	7.6577	8.2760	7.0469	7.9411	8.8590	9.1675
ZNF141	7.1355	6.8812	6.7038	3.9190	5.8012	5.5790	4.8938	7.2376	5.8733	6.8300
ATP8A2	4.2913	2.6311	3.1218	1.9627	1.8874	2.1337	2.3940	1.1530	4.5763	4.4633
GPR113	3.2193	1.9475	2.8407	1.0612	3.3584	5.1176	2.7395	5.3866	2.2659	2.5272
MREG	10.1596	11.0798	10.1762	10.3831	9.2062	9.1481	10.2514	10.8740	9.0422	9.7789
FBXO27	7.1534	7.4211	6.3215	2.9786	9.6166	8.8981	10.9994	8.2032	7.1685	5.9256
CLDND1	10.2692	9.6282	10.4059	10.0975	10.0994	10.2138	9.4098	10.1428	9.6695	10.3389
LSG1	9.8658	9.9725	10.4774	10.0292	10.1624	10.3595	10.0197	11.0095	10.1201	9.9630
HNRNPUL1	12.3093	12.4789	12.7189	12.7165	13.2053	13.1827	13.9637	11.9386	12.8702	12.4689
SH2D6	0.3232	0.3331	0.4701	0.4459	0.0000	0.2772	1.0454	1.5037	0.0000	0.2944
DYNLRB2	4.7475	5.3847	4.2266	3.7350	3.0579	0.7096	2.6599	4.0266	4.0213	4.4334
RFC1	10.8104	10.5845	10.1633	9.7672	10.0324	11.3446	8.8542	10.3951	10.2544	10.5604
NFE2	3.3632	2.8548	3.9671	3.5241	2.1606	4.2954	2.8134	2.1261	3.1075	2.7840
SDF2	9.8363	9.8352	10.2006	9.7916	9.6251	9.0619	9.2467	10.3565	10.1935	9.3393
EHD4	10.6982	9.6849	10.6742	10.6677	10.2260	10.0819	10.7812	10.9696	10.7779	10.8407
MUC1	13.3846	13.5087	11.6437	12.1769	11.6647	9.6655	12.3993	16.1956	12.1345	13.1057
RRAS	9.2242	9.0536	9.8355	8.5542	9.6729	9.2523	8.5944	9.6303	10.0914	9.4339
NXPH3	7.8688	9.9324	6.3827	8.4157	7.1861	5.5854	4.0841	5.1650	8.0332	6.6433
C1orf220	5.9070	4.6823	5.9147	4.2563	2.6248	2.6541	4.0536	4.2748	2.5265	4.0553
SCARNA17	1.9115	2.6311	2.2787	1.6660	3.0579	2.1337	2.6599	0.3852	2.8461	2.8307
RCN1	11.2813	11.2624	12.0740	11.0837	12.0796	11.8948	10.9297	10.7765	11.3406	11.6988
COMMD5	8.7307	8.9750	9.3871	10.1084	10.0319	10.1524	10.0577	9.1172	9.2585	8.6761
APOBEC3F	7.4007	8.4494	8.0387	6.3600	8.4592	7.8740	6.0957	8.4158	7.0950	7.5584
IGFL1	3.6496	1.4948	2.0293	0.4459	0.4706	0.0000	1.0454	1.1530	3.2587	1.7069
SLITRK1	0.5871	0.0000	1.1082	0.4459	0.4706	0.0000	0.4380	0.6888	0.0000	0.0000
STX19	3.4651	2.4371	1.3454	1.9627	4.4479	2.5005	5.8428	6.1005	3.7421	4.5635
SDAD1	10.1161	9.9285	10.0170	10.2366	10.4192	10.5992	10.2602	9.4646	9.7209	10.0847
MXI1	10.1774	9.7642	10.0984	9.0700	9.6592	8.7298	9.9928	9.5907	10.2845	10.5097
HTRA2	9.0842	8.9520	9.3134	9.4110	9.3788	9.0676	9.6503	9.7438	9.6680	9.1987
CENPV	5.0284	7.8590	3.7364	7.7438	8.6513	7.5250	5.6007	5.5885	6.2792	5.2954
UBN2	10.1487	8.7795	9.6843	10.3693	9.0194	10.2416	9.7242	9.7057	9.3912	9.9221
CDK5R1	5.9130	5.0869	5.6856	6.9476	7.9820	6.3332	7.3928	6.8811	7.4299	5.6282
S100A10	11.4286	9.9910	11.5325	11.7580	11.8082	11.2183	12.5587	12.9544	11.9083	11.3273
ZNF528	8.3394	8.9400	9.5814	7.4768	6.3368	7.5184	7.3242	6.0875	8.0436	9.1042
TMEM22	6.0936	4.6378	6.1982	5.4746	4.8463	4.7799	5.0717	4.7053	6.2343	7.4374
RPLP0P2	6.4778	4.0518	6.7867	5.9676	7.2163	4.9771	5.6926	6.8121	7.6130	5.9416
ESM1	6.5874	9.2657	7.0526	8.6007	6.5596	5.7647	7.5430	7.7957	7.0849	5.8708
CRHBP	3.2535	1.9475	3.7775	1.4911	2.3902	2.7018	2.8134	2.1261	3.9341	4.1867
DNAH12	2.2528	6.0430	3.6055	1.0612	2.5882	2.2666	3.3535	4.6181	1.9475	4.1131
TCEAL8	10.0359	9.6063	9.6700	10.2314	8.7516	9.6901	10.2768	10.4123	10.5480	10.2204
